homes_name,homes_url,homes_prices,homes_overviews,homes_locations,homes_landlords,homes_Rankings_and_number_of_reviews,homes_room_type
Tigh Cleat,https://www.airbnb.co.uk/rooms/9461270?location=Isle%20of%20Skye%2C%20United%20Kingdom&adults=2&children=0&infants=0&guests=1&check_in=2018-11-13&check_out=2018-11-14,Â£70,"Very private family and dog friendly former crofters bungalow sitting on a croft under the spectacular Trotternish Ridge and Quiraing in North East Skye. one mile from beaches and 2 miles from village with shops, cafes and takeaways",Staffin,Mar-18,139,Entire bungalow
The Cowshed Boutique Bunkhouse Pods,https://www.airbnb.co.uk/rooms/11898672?location=Isle%20of%20Skye%2C%20United%20Kingdom&adults=2&children=0&infants=0&guests=1&check_in=2018-11-13&check_out=2018-11-14,Â£75,"The pods are set on the hillside behind the Cowshed Boutique Bunkhouse and enjoy amazing views across the Uig Bay. In a wonderful location to explore the Isle of Skye, and perfectly situated for enjoying spectacular sunsets.",Uig,Cowshed,253,Tiny house
An-Airidh :PORTREE King/Twin:Continental Breakfast,https://www.airbnb.co.uk/rooms/23076835?location=Isle%20of%20Skye%2C%20United%20Kingdom&adults=2&children=0&infants=0&guests=1&check_in=2018-11-13&check_out=2018-11-14,Â£65,We are located just off the main road into Portree our location offers sea views and we are 10 Mins walk to the centre of the village. This listing is for Room 7 This room can either be a Super king Double or the bed can be split offering a Twin option please advise at booking your choice,Portree,Alex,20,Private room in bed & breakfast
Air leth Self Catering Apartment,https://www.airbnb.co.uk/rooms/18033490?location=Isle%20of%20Skye%2C%20United%20Kingdom&adults=2&children=0&infants=0&guests=1&check_in=2018-11-13&check_out=2018-11-14,Â£75,A two room apartment ten minutes walk from Portree town centre and harbour with range of local amenities from top class restaurants to sea eagle trips. A great location from where you can explore the beautiful and magical Isle of Skye...,Portree,George & Angela,125,Entire guesthouse
Leasgeary Cottage,https://www.airbnb.co.uk/rooms/16556679?location=Isle%20of%20Skye%2C%20United%20Kingdom&adults=2&children=0&infants=0&guests=1&check_in=2018-11-13&check_out=2018-11-14,Â£65,"Our bungalow is at the end of a quiet cul de sac, surrounded by trees. The River Leasgeary is at the end of the garden, and we are only five minutes walk from the centre of Portree, with its shops, pubs and restaurants. We have off street parking , a private decking area to relax on and high speed free wifi. The harbour is a short walk away, where guests can enjoy watching the boats, or even going for a ride to see dolphins and sea eagles, or enjoy the view over to the Isle of Raasay.",Portree,Mery,186,Private room in guest suite
Taigh Glas Studio "Dreamy Views All Round Amazing",https://www.airbnb.co.uk/rooms/18386493?location=Isle%20of%20Skye%2C%20United%20Kingdom&adults=2&children=0&infants=0&guests=1&check_in=2018-11-13&check_out=2018-11-14,Â£106,"Taigh Glas Studio is a private part of our eco conscious newbuild, with its own front door. The studio sleeps 1-2 people only. (No additional beds). It is a compact space with king size double bed (5ft wide x 6ft 6ins long). You can have continental breakfast or self cater, as the studio offers a well appointed kitchen, and floor to ceiling corner windows to view the beautiful world renowned Waternish sunsets. The bathroom floor is heated. We are LGBTQIA friendly. We supply Continental breakfast",Waternish,Aug-18,174,Entire guest suite
Harlosh Hideaways,https://www.airbnb.co.uk/rooms/28882801?location=Isle%20of%20Skye%2C%20United%20Kingdom&adults=2&children=0&infants=0&guests=1&check_in=2018-11-13&check_out=2018-11-14,Â£85,"A short drive away from many of Skye's popular attractions and Dunvegan, where you will find local shops, cafes and restaurants.",Dunvegan,Shirley,3,Tiny house
"Portree - No.30, Isle & Rest, â€˜Storr' Room 2",https://www.airbnb.co.uk/rooms/28065717?location=Isle%20of%20Skye%2C%20United%20Kingdom&adults=2&children=0&infants=0&guests=1&check_in=2018-11-13&check_out=2018-11-14,Â£49,"A short walk from the centre of Portree, Skye's main fishing village, No.30 is the perfect resting place to base yourself in warmth and comfort to explore the wonders of this incredible and magical island.",Highland,Richard & Tui,17,Private room in house
B&B@Bayfield 3,https://www.airbnb.co.uk/rooms/27926857?location=Isle%20of%20Skye%2C%20United%20Kingdom&adults=2&children=0&infants=0&guests=1&check_in=2018-11-13&check_out=2018-11-14,Â£63,Continental breakfast is included with Gluten free options available.,Highland,Glenn,12,Private room in bed & breakfast
The Little Skye Bothy,https://www.airbnb.co.uk/rooms/19765247?location=Isle%20of%20Skye%2C%20United%20Kingdom&adults=2&children=0&infants=0&guests=1&check_in=2018-11-13&check_out=2018-11-14,Â£93,"Your own piece of tranquility in our Little Skye Bothy, with outstanding views to the loch and the mountains. The pod has kitchen facilities, 2 ring hob and microwave (no oven). Tea, coffee and sugar are provided. There is a shower room, an ottoman double bed and a sofa bed for an extra guest. There is an oil filled heater, table and chairs, TV for watching DVD's (there is no signal for local or national channels) and wifi is available",Broadford,Nicky,103,Entire house
Braeside Guest Rooms Central Portree (R5),https://www.airbnb.co.uk/rooms/14202342?location=Isle%20of%20Skye%2C%20United%20Kingdom&adults=2&children=0&infants=0&guests=1&check_in=2018-11-13&check_out=2018-11-14,Â£60,It is the ideal base for those who are planning to tour the island. There are plenty of restuarants to choose from where you will be served local produce and freshly caught seafood.,Portree,Oct-18,58,Private room in house
"Double room, B&B, Staffin, near Old Man of Storr",https://www.airbnb.co.uk/rooms/22546835?location=Isle%20of%20Skye%2C%20United%20Kingdom&adults=2&children=0&infants=0&guests=1&check_in=2018-11-13&check_out=2018-11-14,Â£78,"We are located a 20 minute drive north of Portree and within easy reach of all the iconic places of North Skye. The Storr and Quiraing are both a 10 minute drive away, Kilt Rock only a few minutes walk. The Dinosaur museum a stroll away.",Culnacnoc,May-18,101,Private room in bungalow
Spacious double en-suite. Room only.,https://www.airbnb.co.uk/rooms/21907645?location=Isle%20of%20Skye%2C%20United%20Kingdom&adults=2&children=0&infants=0&guests=1&check_in=2018-11-13&check_out=2018-11-14,Â£50,"Quiet location, off the main road and only an 8 minute walk into the centre of the village. Parking on site.",Portree,Sep-18,27,Private room in bed & breakfast
Tigh Quiraing-king ensuite,https://www.airbnb.co.uk/rooms/26228302?location=Isle%20of%20Skye%2C%20United%20Kingdom&adults=2&children=0&infants=0&guests=1&check_in=2018-11-13&check_out=2018-11-14,Â£60,"Ensuite room in our newly renovated croft house in Garafad, close to the centre of Staffin, with view of the Trotternish Ridge, The Quiraing & Staffin Bay. Our aim is to provide our guests with the feeling of ""staying with friends"" 2 licensed restaurants, bus stop & local shops within walking distance. *No service charge",Portree,Kate,66,Private room in bed & breakfast
"32 PRIMROSE HILL, PORTREE ,ISLE OF SKYE Room 1",https://www.airbnb.co.uk/rooms/19669696?location=Isle%20of%20Skye%2C%20United%20Kingdom&adults=2&children=0&infants=0&guests=1&check_in=2018-11-13&check_out=2018-11-14,Â£52,Free Parking on private drive,Highland,Janet,136,Private room in bed & breakfast
"""Abhaig"" Small Boutique B&B - Great location!",https://www.airbnb.co.uk/rooms/9973367?location=Isle%20of%20Skye%2C%20United%20Kingdom&adults=2&children=0&infants=0&guests=1&check_in=2018-11-13&check_out=2018-11-14,Â£105,"Small but perfectly formed, we offer boutique accommodation with fantastic breakfasts for 2 (or 3 adults travelling together).",Earlish,Aug-16,95,Private room in bed & breakfast
Kestrel Pod at No.7 Borve 4 miles from Portree,https://www.airbnb.co.uk/rooms/19406627?location=Isle%20of%20Skye%2C%20United%20Kingdom&adults=2&children=0&infants=0&guests=1&check_in=2018-11-13&check_out=2018-11-14,Â£80,"Brand new pod in a beautiful rural but central location! Kestrel Pod is a brand new pod only 4 miles from Portree so is in an ideal central location and is the perfect base for exploring the whole island whilst only being a short drive from shops,restaurants and pubs. Enjoy the countryside in peace and quiet. Walk up to the top of Borve Hill for spectacular views.Pod has a double bed and a sofa bed. Sofa bed is suitable for 1 or 2 children.",Borve,Flora,64,Tiny house
Staffin House Apartment 4,https://www.airbnb.co.uk/rooms/16016007?location=Isle%20of%20Skye%2C%20United%20Kingdom&adults=2&children=0&infants=0&guests=1&check_in=2018-11-13&check_out=2018-11-14,Â£78,"Portree is just 30 minutes away by car and features a selection of restaurants,gifts shops,cinema/theatre and Boat trips from Portree Harbour to see porpoise,seals, otters and sea eagles.",Stenscholl,Judith,148,Entire flat
Skye Eco Bells Glamping - Cosy Island Cabin 1,https://www.airbnb.co.uk/rooms/3107545?location=Isle%20of%20Skye%2C%20United%20Kingdom&adults=2&children=0&infants=0&guests=1&check_in=2018-11-13&check_out=2018-11-14,Â£90,"Furnished cosy cabin sleeps up to 3 in a double and single bed. Sit by your outdoor firepit after exploring the beauty of Skye or relax in the comfort of your cabin warmed by the wood burning stove. Compost toilet, the unique greenhouse shower and sociable Hub and Shack are all part of the off grid experience. Up to 2 well behaved dogs are welcome by prior arrangement for an additional Â£10 for one dog and Â£15 for two.",Orbost,Jul-18,166,Private room in hut
"Croft No:3 (Room 1) Braes, Portree",https://www.airbnb.co.uk/rooms/17698159?location=Isle%20of%20Skye%2C%20United%20Kingdom&adults=2&children=0&infants=0&guests=1&check_in=2018-11-13&check_out=2018-11-14,Â£75,* We've a dog who likes to woof but she's very friendly:),Highland,Jun-18,115,Private room in house
Cosy Cowshed En-suite Pods,https://www.airbnb.co.uk/rooms/12841530?location=Isle%20of%20Skye%2C%20United%20Kingdom&adults=2&children=0&infants=0&guests=1&check_in=2018-11-13&check_out=2018-11-14,Â£75,"The pods are set on the hillside behind the Cowshed Boutique Bunkhouse and enjoy amazing views across the Uig Bay. In a wonderful location to explore the Isle of Skye, and perfectly situated for enjoying spectacular sunsets.",Uig,Cowshed,163,Tiny house
"Portree - No.30, Isle & Rest, 'Quiraing' Room 1",https://www.airbnb.co.uk/rooms/27798665?location=Isle%20of%20Skye%2C%20United%20Kingdom&adults=2&children=0&infants=0&guests=1&check_in=2018-11-13&check_out=2018-11-14,Â£49,"A short walk from the centre of Portree, Skye's main fishing village, No.30 is the perfect resting place to base yourself in warmth and comfort to explore the wonders of this incredible and magical island.",Highland,Richard & Tui,21,Private room in house
Room 2,https://www.airbnb.co.uk/rooms/26761012?location=Isle%20of%20Skye%2C%20United%20Kingdom&adults=2&children=0&infants=0&guests=1&check_in=2018-11-13&check_out=2018-11-14,Â£44,,Highland,Janet,22,Private room in house
B & B at Number 1,https://www.airbnb.co.uk/rooms/23138506?location=Isle%20of%20Skye%2C%20United%20Kingdom&adults=2&children=0&infants=0&guests=1&check_in=2018-11-13&check_out=2018-11-14,Â£60,Complimentary wine etc for 3 nights and more,Broadford,Susie,99,Private room in bed & breakfast
Tigh Quiraing-twin ensuite,https://www.airbnb.co.uk/rooms/26241540?location=Isle%20of%20Skye%2C%20United%20Kingdom&adults=2&children=0&infants=0&guests=1&check_in=2018-11-13&check_out=2018-11-14,Â£60,"Ensuite room in our newly renovated croft house in Garafad, close to the centre of Staffin, with view of the Trotternish Ridge, The Quiraing & Staffin Bay. Our aim is to provide our guests with the feeling of ""staying with friends"" 2 licensed restaurants, bus stop & local shops within walking distance. *No service charge,",Portree,Kate,56,Private room in bed & breakfast
"Claigan Bed and Breakfast, Isle of Skye, Scotland.",https://www.airbnb.co.uk/rooms/23840372?location=Isle%20of%20Skye%2C%20United%20Kingdom&adults=2&children=0&infants=0&guests=1&check_in=2018-11-13&check_out=2018-11-14,Â£59,"Breakfast is continental with fantastic views of Broadford Bay, served at 9 or earlier by arrangement.",Broadford,Carol & Martin,89,Private room in house
Central Skye - Room Only,https://www.airbnb.co.uk/rooms/1656029?location=Isle%20of%20Skye%2C%20United%20Kingdom&adults=2&children=0&infants=0&guests=1&check_in=2018-11-13&check_out=2018-11-14,Â£45,"At 40 Bernisdale Skeabost Bridge we offer you a comfy Bedroom to rest your head for your stay in Skye, Double bed Shower over bath - en suite. There is also a private lounge area and tv for you to relax in all to yourselves. All this on the first floor of our house here at 40 Bernisdale. We no longer offer a full breakfast but there is Tea, coffee, hot chocolate and biscuits provided. A Porridge pot and a piece of fruit if your hungry first thing!",Skeabost Bridge,Rachael,88,Private room in farm stay
R7: King OR Twin : En-Suite :An-Airidh B&B PORTREE,https://www.airbnb.co.uk/rooms/13619020?location=Isle%20of%20Skye%2C%20United%20Kingdom&adults=2&children=0&infants=0&guests=1&check_in=2018-11-13&check_out=2018-11-14,Â£90,* THE BEDS IN THIS ROOM CAN BE LINKED - PLEASE LET US KNOW IF YOU PREFER A TWIN ( TWO SINGLE BEDS ) OR A KING SIZE ( 1 KING SIZE BED ) *,Portree,Alex,77,Private room in bed & breakfast
Portree Pod,https://www.airbnb.co.uk/rooms/23899658?location=Isle%20of%20Skye%2C%20United%20Kingdom&adults=2&children=0&infants=0&guests=1&check_in=2018-11-13&check_out=2018-11-14,Â£70,We look forward to welcoming you on holiday to the gorgeous Isle Of Skye!,Highland,April 2018,23,Tiny house
24 Sluggans Drive,https://www.airbnb.co.uk/rooms/26162956?location=Isle%20of%20Skye%2C%20United%20Kingdom&adults=2&children=0&infants=0&guests=1&check_in=2018-11-13&check_out=2018-11-14,Â£47,"Newly decorated double bedroom. 10 minutes walk from portree center and 5 minutes from main supermarket. Fibre optic broadband,full sky go,mini fridge, kettle an tea an coffee making facilities and free parking.",Highland,John,46,Private room in bed & breakfast
"5 Harport, Carbost",https://www.airbnb.co.uk/rooms/19873444?location=Isle%20of%20Skye%2C%20United%20Kingdom&adults=2&children=0&infants=0&guests=1&check_in=2018-11-13&check_out=2018-11-14,Â£80,"5 Harport is a waterside house on the banks of loch Harport, opposite the famous Talisker distillery in the beautiful village of Carbost, centrally located on Skye. Tastefully decorated, it has stunning views out over the loch to the Cuillin mountains especially from the elevated decking. Close to local amenities including shop with petrol station, The Old Inn pub which serves food all day and has live traditional music three nights a week. 10 minutes to the cuillins and 20 miles to Portree.",Carbost,Jul-18,85,Entire cottage
Chalet in Connista croft no2,https://www.airbnb.co.uk/rooms/11631622?location=Isle%20of%20Skye%2C%20United%20Kingdom&adults=2&children=0&infants=0&guests=1&check_in=2018-11-13&check_out=2018-11-14,Â£70,Our little chalet is in a quiet & beautifull location with views over the sea. From inside in the spring & summer a buzard nest can be seen. It's very confortable with everything you need for a self-catering stay (bedding & towels).,Highland,Jun-18,192,Entire chalet
Taigh Rob Room 2 Hairy Coo ( Twin room ),https://www.airbnb.co.uk/rooms/27128783?location=Isle%20of%20Skye%2C%20United%20Kingdom&adults=2&children=0&infants=0&guests=1&check_in=2018-11-13&check_out=2018-11-14,Â£60,,Culnacnoc,Jim,21,Private room in bed & breakfast
8 Fingal Place,https://www.airbnb.co.uk/rooms/24306952?location=Isle%20of%20Skye%2C%20United%20Kingdom&adults=2&children=0&infants=0&guests=1&check_in=2018-11-13&check_out=2018-11-14,Â£65,The bathroom will be shared with one other person.,Portree,Hazel,36,Private room in house
Otterburn - relaxing self catering on Skye,https://www.airbnb.co.uk/rooms/22218226?location=Isle%20of%20Skye%2C%20United%20Kingdom&adults=2&children=0&infants=0&guests=1&check_in=2018-11-13&check_out=2018-11-14,Â£80,Our pod nestles in amongst the trees adjacent to our house within the peaceful crofting township of Lower Breakish on the beautiful Isle of Skye. Sea and hill views can be seen across open fields and wonderful sunsets can be enjoyed on long summer nights. The pod is an ideal base for touring both Skye and Wester Ross.,Isle of Skye,Aug-18,83,Tiny house
Babas Room 2,https://www.airbnb.co.uk/rooms/20500889?location=Isle%20of%20Skye%2C%20United%20Kingdom&adults=2&children=0&infants=0&guests=1&check_in=2018-11-13&check_out=2018-11-14,Â£46,Breakfast is included in the price.,Dunvegan,Jun-18,177,Private room in house
8 Fingal Place,https://www.airbnb.co.uk/rooms/24306952?location=Isle%20of%20Skye%2C%20United%20Kingdom&adults=2&children=0&infants=0&guests=1&check_in=2018-11-13&check_out=2018-11-14,Â£65,,,,,Private room in house
Babas Room 2,https://www.airbnb.co.uk/rooms/20500889?location=Isle%20of%20Skye%2C%20United%20Kingdom&adults=2&children=0&infants=0&guests=1&check_in=2018-11-13&check_out=2018-11-14,Â£46,,,,,Private room in house
Running Water Wigwam (En-Suite 2),https://www.airbnb.co.uk/rooms/8625656?location=Isle%20of%20Skye%2C%20United%20Kingdom&adults=2&children=0&infants=0&guests=1&check_in=2018-11-13&check_out=2018-11-14,Â£45,"A cosy glamping wigwam for a family of 4 or 3 adult friends. Part of Whitewave: Skye's Outdoor Centre, this scenic destination is perfect for friends, couples and families wanting to make the most of the surrounding landscape. Unfortunately, we have no wi-fi on site.",Kilmuir,Sep-18,211,Hut
Taigh Rob Room 2 Hairy Coo ( Twin room ),https://www.airbnb.co.uk/rooms/27128783?location=Isle%20of%20Skye%2C%20United%20Kingdom&adults=2&children=0&infants=0&guests=1&check_in=2018-11-13&check_out=2018-11-14,Â£60,,,,,Private room in bed & breakfast
B & B at Number 1,https://www.airbnb.co.uk/rooms/23138506?location=Isle%20of%20Skye%2C%20United%20Kingdom&adults=2&children=0&infants=0&guests=1&check_in=2018-11-13&check_out=2018-11-14,Â£60,,,,,Private room in bed & breakfast
Skye Cowshed En-suite Pods,https://www.airbnb.co.uk/rooms/12705072?location=Isle%20of%20Skye%2C%20United%20Kingdom&adults=2&children=0&infants=0&guests=1&check_in=2018-11-13&check_out=2018-11-14,Â£75,These luxury pods are set on the hillside behind the Cowshed Boutique Bunkhouse and enjoy amazing views across the Uig Bay and Skye.,Uig,Cowshed,126,Tiny house
"Stunning Views, Shieldaig",https://www.airbnb.co.uk/rooms/24362963?location=Isle%20of%20Skye%2C%20United%20Kingdom&adults=2&children=0&infants=0&guests=1&check_in=2018-11-13&check_out=2018-11-14,Â£69,Sorry no children or pets (a cat lives here).,Strathcarron,Ann,24,Private room in cottage
Feochan B&B Portree Skye - Double Room En-Suite,https://www.airbnb.co.uk/rooms/25434692?location=Isle%20of%20Skye%2C%20United%20Kingdom&adults=2&children=0&infants=0&guests=1&check_in=2018-11-13&check_out=2018-11-14,Â£75,Beautiful B&B set in a Stunning Prime Location in Pretty Portree - Isle of Skye - a very warm welcome awaits you,Highland,Norah,4,Private room in bed & breakfast
KILORAN BED AND BREAKFAST,https://www.airbnb.co.uk/rooms/13237608?location=Isle%20of%20Skye%2C%20United%20Kingdom&adults=2&children=0&infants=0&guests=1&check_in=2018-11-13&check_out=2018-11-14,Â£90,"The Bed and Breakfast is on the shore of a sea loch. It is eight miles from Portree where you will find shops and restaurants.. Youâ€™ll love my place because of The privacy and solitude. Guests have their own key to the private BB unit. Direct loch access for kayakers and walkers. BB is brand new with a large picture window affording views of the outer isles. Home baking is supplied as are tea and coffee making facilities.. My place is good for couples, solo adventurers, and business travellers.",Bernisdale,Neil,130,Private room in bed & breakfast
24 Sluggans Drive,https://www.airbnb.co.uk/rooms/26162956?location=Isle%20of%20Skye%2C%20United%20Kingdom&adults=2&children=0&infants=0&guests=1&check_in=2018-11-13&check_out=2018-11-14,Â£47,,,,,Private room in bed & breakfast
Baba's Room 1,https://www.airbnb.co.uk/rooms/20491151?location=Isle%20of%20Skye%2C%20United%20Kingdom&adults=2&children=0&infants=0&guests=1&check_in=2018-11-13&check_out=2018-11-14,Â£46,There is plenty parking spaces at my home.,Dunvegan,Jun-18,160,Private room in house
The Thistle Room in Clachan Manse Bed & Breakfast,https://www.airbnb.co.uk/rooms/26120311?location=Isle%20of%20Skye%2C%20United%20Kingdom&adults=2&children=0&infants=0&guests=1&check_in=2018-11-13&check_out=2018-11-14,Â£100,Our beautiful Thistle room decorated by Tery with her own designs. It is situated in the annex alongside the main house and has an ensuite. Our place sits on the banks of Applecross Bay overlooking the Cuillins on Skye. We are under a mile's walk to the famous Applecross Inn and Applecross Walled Garden where you can sample amazing seafood. There are plenty of walks and beaches to explore on your doorstep here. Breakfast is included in the price; we offer a full scottish or continental.,Applecross,Aug-18,16,Private room in guesthouse
"Glamping, Willows Rd, Borneskitaig, Skye IV51 9WS",https://www.airbnb.co.uk/rooms/7432093?location=Isle%20of%20Skye%2C%20United%20Kingdom&adults=2&children=0&infants=0&guests=1&check_in=2018-11-13&check_out=2018-11-14,Â£35,"Relax, enjoy the silence, nature, landscape and the beautiful walks on the North tip of Skye.",Kilmuir,Linda,382,Camper/RV
Double en suite bedroom with private lounge,https://www.airbnb.co.uk/rooms/19698668?location=Isle%20of%20Skye%2C%20United%20Kingdom&adults=2&children=0&infants=0&guests=1&check_in=2018-11-13&check_out=2018-11-14,Â£80,Large double room with en suite bathroom. Private lounge & dining area for guests with Nespresso coffee machine and TV with Sky satellite TV.,Fiscavaig,Katie & John,95,Private room in bungalow
33 Lochbay Bed and Breakfast,https://www.airbnb.co.uk/rooms/19997028?location=Isle%20of%20Skye%2C%20United%20Kingdom&adults=2&children=0&infants=0&guests=1&check_in=2018-11-13&check_out=2018-11-14,Â£80,"Double room in a traditional croft house with ensuite shower room. A ""continental +"" breakfast (Tea, coffee, toast and preserves, cereals, fruit, fruit juice) with the option of scrambled eggs and smoked salmon, waffles with warm berries and avocado on sourdough toast! Fresh white linen and towels, bathrobes, hairdryer, 32"" HD TV, orthopaedic beds and a welcome tray with tea and coffee making facilities. Enthusiastic welcome to all from a friendly rough collie and his owner!",Waternish,Claire,54,Private room in bed & breakfast
"Bracken Brae B&B (Room 4) - Luxury room, Sea view!",https://www.airbnb.co.uk/rooms/14884003?location=Isle%20of%20Skye%2C%20United%20Kingdom&adults=2&children=0&infants=0&guests=1&check_in=2018-11-13&check_out=2018-11-14,Â£85,"Situated on a hill we have unsurpassed, panoramic views across the sea to the Mainland. At our brand new luxury annex you can relax in large, stylish and beautiful bedrooms with your own private outdoor covered deck, and luxury shower room with underfloor heating and a luxuriant hot waterfall shower.",Ardvasar,Jasmine And Willie,200,Private room in bed & breakfast
Bothan Nan Ron Cabin-(Seals Cottage),https://www.airbnb.co.uk/rooms/27277215?location=Isle%20of%20Skye%2C%20United%20Kingdom&adults=2&children=0&infants=0&guests=1&check_in=2018-11-13&check_out=2018-11-14,Â£85,"Situated just 8 miles from Portree, Bothan Nan Ron is a modern, romantic, stylish self catering cabin. Guests have direct access to Loch Treaslane where there is a resident seal colony and sightings of otters and sea eagles are common.. The cabin is furnished to a high specification and includes a modern bathroom, mini kitchen, antique sleigh bed and a large picture window with fantastic views across to the Western Isles.",Skeabost Bridge,Aug-18,33,Private room in cabin
Waterside Cabin - Waterfront Self-Catering Studio,https://www.airbnb.co.uk/rooms/20230758?location=Isle%20of%20Skye%2C%20United%20Kingdom&adults=2&children=0&infants=0&guests=1&check_in=2018-11-13&check_out=2018-11-14,Â£105,"Bijou but perfectly formed, the cabin is light and airy, with views to the mountains and the sea. At high tide you will be just a few metres from the water's edge so it's a perfect spot to while away the hours.",Broadford,Fiona,64,Entire guesthouse
The Dandelion,https://www.airbnb.co.uk/rooms/24550145?location=Isle%20of%20Skye%2C%20United%20Kingdom&adults=2&children=0&infants=0&guests=1&check_in=2018-11-13&check_out=2018-11-14,Â£55,We are situated 15 miles from Portree and 8miles from Dunvegan.we have two hotels locally which both serve excellent food.,Edinbane,Oct-18,22,Private room in guest suite
"Glamping, Willows Rd, Borneskitaig, Skye IV51 9WS",https://www.airbnb.co.uk/rooms/7432093?location=Isle%20of%20Skye%2C%20United%20Kingdom&adults=2&children=0&infants=0&guests=1&check_in=2018-11-13&check_out=2018-11-14,Â£35,,,,,Camper/RV
"Bracken Brae B&B (Room 4) - Luxury room, Sea view!",https://www.airbnb.co.uk/rooms/14884003?location=Isle%20of%20Skye%2C%20United%20Kingdom&adults=2&children=0&infants=0&guests=1&check_in=2018-11-13&check_out=2018-11-14,Â£85,,,,,Private room in bed & breakfast
Lodge 14 (Skye Lodges),https://www.airbnb.co.uk/rooms/26853863?location=Isle%20of%20Skye%2C%20United%20Kingdom&adults=2&children=0&infants=0&guests=1&check_in=2018-11-13&check_out=2018-11-14,Â£80,"The lodges are 5 x 3 metres in size and are designed to be compact and cosy. Each lodge consists of a sleeping area, en-suite bathroom with shower. A small TV is located on the wall of the sleeping area.",Portree,Mary,27,Tiny house
Loch Eyre Shepherd Hut with Log Burning stove.,https://www.airbnb.co.uk/rooms/24559295?location=Isle%20of%20Skye%2C%20United%20Kingdom&adults=2&children=0&infants=0&guests=1&check_in=2018-11-13&check_out=2018-11-14,Â£62,"Loch Eyre Shepherd Hut (situated in the grounds of Loch Eyre House) is perfectly positioned to create a get away from it all bolt hole for your trip to Skye. We are situated in between Portree and Uig, which makes a great location to tour the island, or for a stop over en route to the Outer Isles.",Kensaleyre,Jul-18,73,Hut
20 Fiscavaig Room 1,https://www.airbnb.co.uk/rooms/18715381?location=Isle%20of%20Skye%2C%20United%20Kingdom&adults=2&children=0&infants=0&guests=1&check_in=2018-11-13&check_out=2018-11-14,Â£65,We can provide a travel cot only for babies we do not have a bed for older children,Carbost,Myra,143,Private room in bed & breakfast
Papillon Bed and Breakfast Kingsize Room 2,https://www.airbnb.co.uk/rooms/25473252?location=Isle%20of%20Skye%2C%20United%20Kingdom&adults=2&children=0&infants=0&guests=1&check_in=2018-11-13&check_out=2018-11-14,Â£70,All guest rooms enjoy stunning views overlooking Loch Vatten and the Macleods Tables Mountains.,Dunvegan,Rachel And James,35,Private room in bed & breakfast
Chalet in Connista croft no2,https://www.airbnb.co.uk/rooms/11631622?location=Isle%20of%20Skye%2C%20United%20Kingdom&adults=2&children=0&infants=0&guests=1&check_in=2018-11-13&check_out=2018-11-14,Â£70,,,,,Entire chalet
Standfast - Super Kingsize ensuite room,https://www.airbnb.co.uk/rooms/15879669?location=Isle%20of%20Skye%2C%20United%20Kingdom&adults=2&children=0&infants=0&guests=1&check_in=2018-11-13&check_out=2018-11-14,Â£50,"My place is a family home within walking distance of all of Dunvegan's amenities, in the heart of the village with a big garden setting us back from the road. We are in an excellent location for exploring the island, and I can offer lots of tips for places to go and see. We are well suited to solo travelers, couples or families, and love meeting new people from different walks of life.",Dunvegan,Mali,117,Private room in bungalow
Waterside Cabin - Waterfront Self-Catering Studio,https://www.airbnb.co.uk/rooms/20230758?location=Isle%20of%20Skye%2C%20United%20Kingdom&adults=2&children=0&infants=0&guests=1&check_in=2018-11-13&check_out=2018-11-14,Â£105,,,,,Entire guesthouse
Feochan B&B Portree Skye - Cosy Double En-Suite,https://www.airbnb.co.uk/rooms/25434997?location=Isle%20of%20Skye%2C%20United%20Kingdom&adults=2&children=0&infants=0&guests=1&check_in=2018-11-13&check_out=2018-11-14,Â£65,Beautiful B&B set in a Stunning Prime Location in Pretty Portree - Isle of Skye. A very warm welcome awaits you.,Highland,Norah,5,Private room in bed & breakfast
Croit Anna Room Two,https://www.airbnb.co.uk/rooms/20283395?location=Isle%20of%20Skye%2C%20United%20Kingdom&adults=2&children=0&infants=0&guests=1&check_in=2018-11-13&check_out=2018-11-14,Â£65,"A lovely cosy room with a double bed and private shower room,wifi ,tea and coffee making facilities and we also cook a Scottish breakfast",Bernisdale,Bobby+Aileen,80,Private room in house
"Mrs Mac's BnB Kilmuir, Isle of Skye IV51 9WS",https://www.airbnb.co.uk/rooms/7043911?location=Isle%20of%20Skye%2C%20United%20Kingdom&adults=2&children=0&infants=0&guests=1&check_in=2018-11-13&check_out=2018-11-14,Â£50,"Please check our location as we are close to the most northerly point on Skye. Your room is upstairs with shared shower room. We are the first house on your right as you turn into the only street in Kilmuir, situated in the crofting township of Borneskitaig at the North tip of Skye. Ideal location for walking, photography, bird watching & fishing. We are 10 minutes from the nearest shop and pub and the port of Uig where the ferry leaves for the Outer Hebrides.",Bornesketaig,Linda,373,Private room in farm stay
Papillon Bed & Breakfast Compact Twin Room,https://www.airbnb.co.uk/rooms/25567946?location=Isle%20of%20Skye%2C%20United%20Kingdom&adults=2&children=0&infants=0&guests=1&check_in=2018-11-13&check_out=2018-11-14,Â£65,All guest rooms enjoy stunning views overlooking Loch Vatten and the Macleods Tables Mountains.,Dunvegan,Rachel And James,43,Private room in bed & breakfast
"Croit Anna, room one",https://www.airbnb.co.uk/rooms/18209809?location=Isle%20of%20Skye%2C%20United%20Kingdom&adults=2&children=0&infants=0&guests=1&check_in=2018-11-13&check_out=2018-11-14,Â£65,"Family room double bed and single suitable for 3 persons - en suite toilet, wash hand basin, and shower. Tea/coffee making facilities in room . Hairdryer is also available. Full Scottish Breakfast is included.",Skeabost Bridge,Bobby+Aileen,118,Private room in house
Assynt Rm 3,https://www.airbnb.co.uk/rooms/25720206?location=Isle%20of%20Skye%2C%20United%20Kingdom&adults=2&children=0&infants=0&guests=1&check_in=2018-11-13&check_out=2018-11-14,Â£80,"Central and close to all the shops, bars and restaurants of Portree, ""Assynt Cottage"" is the perfect base for a holiday on the Isle of Skye. Super location for exploring all the attractions of the island. A modern and all newly refurbished and decorated holiday home, available for short and longer stays. You will enjoy a high standard of comfort and fascilities at ""Assynt"", with wifi, smart TV, modern kitchen, bright spaces and comfortable beds. 5 minute walk to town centre.",Portree,Liz,35,Private room in bed & breakfast
Stunning view Torrin B&B en-suite,https://www.airbnb.co.uk/rooms/2992071?location=Isle%20of%20Skye%2C%20United%20Kingdom&adults=2&children=0&infants=0&guests=1&check_in=2018-11-13&check_out=2018-11-14,Â£66,Guidebooks and maps are also provided.,Torrin,Joanna,209,Private room in house
"11 Tarskavaig (The Willows), B&B, IV46 8SA -Room 1",https://www.airbnb.co.uk/rooms/17933589?location=Isle%20of%20Skye%2C%20United%20Kingdom&adults=2&children=0&infants=0&guests=1&check_in=2018-11-13&check_out=2018-11-14,Â£70,"Welcome! Our house (The Willows) is nestled in a prominent position in the centre of the village of Tarskavaig. The Willows is a modern croft house set inside a traditional operating croft. My wife and I live here with our two young children, dog and three cats. We also have two cows and a flock of hens. Tarskavaig offers a unique feel of traditional crofting life along with a very quiet and peaceful backdrop, so is the perfect place to come for a relaxing 'get away from it all' holiday.",Tarskavaig,Angus,176,Private room in bed & breakfast
Lodge No.1,https://www.airbnb.co.uk/rooms/21103613?location=Isle%20of%20Skye%2C%20United%20Kingdom&adults=2&children=0&infants=0&guests=1&check_in=2018-11-13&check_out=2018-11-14,Â£80,"The property is a self-contained luxury Pod and boasts a comfortable and private open plan kitchen and living space, together with an en-suite with shower.",Highland,Mary,46,Entire place
Running Water Wigwam (En-Suite 1),https://www.airbnb.co.uk/rooms/8625388?location=Isle%20of%20Skye%2C%20United%20Kingdom&adults=2&children=0&infants=0&guests=1&check_in=2018-11-13&check_out=2018-11-14,Â£45,"A cosy glamping wigwam for up to 4 people (ideal for family of 4 or 3 adult friends. Part of Whitewave: Skye's Outdoor Centre, this scenic destination is perfect for friends, couples and families wanting to make the most of the surrounding landscape.",Kilmuir,Anne,120,Hut
"22 Earlish, New Double Ensuite B&B",https://www.airbnb.co.uk/rooms/25120803?location=Isle%20of%20Skye%2C%20United%20Kingdom&adults=2&children=0&infants=0&guests=1&check_in=2018-11-13&check_out=2018-11-14,Â£75,Please note; We do have two little boys ourselves! One aged 6 and the other 2!!,Earlish,Jul-18,13,Private room in bungalow
"Croft No:3 (Room 2) Braes, Portree",https://www.airbnb.co.uk/rooms/17770341?location=Isle%20of%20Skye%2C%20United%20Kingdom&adults=2&children=0&infants=0&guests=1&check_in=2018-11-13&check_out=2018-11-14,Â£70,* We've a dog who likes to woof but she's very friendly:),Highland,Jun-18,110,Private room in house
Central Skye; Great location for exploring Skye,https://www.airbnb.co.uk/rooms/24375003?location=Isle%20of%20Skye%2C%20United%20Kingdom&adults=2&children=0&infants=0&guests=1&check_in=2018-11-13&check_out=2018-11-14,Â£50,"Fantastic location & beautiful house on Skye. Sconser is halfway between Portree and Broadford, and close to the Fairy Pools/Dunvegan/Talisker turnoff while being only half a mile from the Raasay ferry terminal. Your room is spacious with a comfortable bed and has tables/wardrobe space. Having full access to the house and gardens you can relax or potter around. Wifi access is available and there is fantastic 4G coverage. We have 2 pet house rabbits, Millie & Jessica, who will greet on arrival!",Isle of Skye,John And Ann,60,Private room in house
"B&B Keeper`s Cottage, Glendrynoch Isle of Skye",https://www.airbnb.co.uk/rooms/25823476?location=Isle%20of%20Skye%2C%20United%20Kingdom&adults=2&children=0&infants=0&guests=1&check_in=2018-11-13&check_out=2018-11-14,Â£72,"Located in Glendrynoch, Minginish with stunning views to the Cuillin Hills, 5 minutes away from the famous Talisker Distillery and 15 minutes away from Glen Brittle.",Carbost,Claudia,36,Private room in bed & breakfast
Cosy self contained cabin in Shieldaig,https://www.airbnb.co.uk/rooms/14263495?location=Isle%20of%20Skye%2C%20United%20Kingdom&adults=2&children=0&infants=0&guests=1&check_in=2018-11-13&check_out=2018-11-14,Â£70,"Rosebank Cabin is clean and comfortable with all the basic requirements for overnight stays.Located in the garden behind Rosebank. Ideal for stop if you are travelling the North Coast 500 Route.close to the sea and only a few minutes walk to small village shop.Come meet the locals in the village bar and dine on freshly caught langoustines.Enjoy walking around the local area and maybe catch a glimpse of the stunning Sea Eagles that live on Shieldaig Island,then to Nanny's for delicious coffee.",Shieldaig,Christine,298,Entire cottage
"A'Chomraich B&B, Kyle of Lochalsh",https://www.airbnb.co.uk/rooms/24872139?location=Isle%20of%20Skye%2C%20United%20Kingdom&adults=2&children=0&infants=0&guests=1&check_in=2018-11-13&check_out=2018-11-14,Â£42,"This is a comfortable bedroom with a small double bed (measures 1.2m x 1.9m) with en-suite bathroom and conservatory/lounge with its own private entrance. The room is adjoined to our family home, where we live with our two children. In the bright, airy sunroom there is a sofa and television as well as a dining area. The self serve continental breakfast includes tea, coffee, cereal, bread, butter and jam along with a kettle, toaster and fridge.",Kyle,Lou And Stuart,45,Private room in house
King-Ensuite-Bay View,https://www.airbnb.co.uk/rooms/26734850?location=Isle%20of%20Skye%2C%20United%20Kingdom&adults=2&children=0&infants=0&guests=1&check_in=2018-11-13&check_out=2018-11-14,Â£100,The Uig Hotel is one of the most popular hotels on the magical Isle of Skye. The Hotel sits above Uig Bay on the Trotternish peninsula and all but three of the eleven rooms offer fantastic bay views.,Uig (NOT PORTREE),Billy,,Room in hotel
Pipers Cottage Blackpark Broadford,https://www.airbnb.co.uk/rooms/11694120?location=Isle%20of%20Skye%2C%20United%20Kingdom&adults=2&children=0&infants=0&guests=1&check_in=2018-11-13&check_out=2018-11-14,Â£90,"Pipers Cottage is a modernised but traditional croft house that was once home to a famous local piper. Pipers has bags of character and is a lovely cosy place to stay, Situated in the heart of Broadford.",Broadford,Susie,284,Entire house
Best small Air BnB Portree/Skye,https://www.airbnb.co.uk/rooms/18218618?location=Isle%20of%20Skye%2C%20United%20Kingdom&adults=2&children=0&infants=0&guests=1&check_in=2018-11-13&check_out=2018-11-14,Â£40,lots of Skye Books for you to peruse and local knowledge over a coffee.,Portree,Lesley,127,Shared room in apartment
Room 5 on the High Street,https://www.airbnb.co.uk/rooms/27771655?location=Isle%20of%20Skye%2C%20United%20Kingdom&adults=2&children=0&infants=0&guests=1&check_in=2018-11-13&check_out=2018-11-14,Â£80,"Our room is situated on the main street of Portree, which is the capital of the Isle of Skye. We are ideally situated close to all bars and restaurants and although we do not have a car park, there are 3 car parks available within walking distance. All our rooms are self check in and the main entrance can be found directly opposite the Tongadale Hotel and next door to Stewarts the Knitwear.",Highland,Miss Mary,4,Private room in townhouse
"Central Skye, great base for exploring the island",https://www.airbnb.co.uk/rooms/24373331?location=Isle%20of%20Skye%2C%20United%20Kingdom&adults=2&children=0&infants=0&guests=1&check_in=2018-11-13&check_out=2018-11-14,Â£50,"Fantastic location & beautiful house on Skye. Sconser is halfway between Portree and Broadford, and close to the Fairy Pools/Dunvegan/Talisker turnoff while being only half a mile from the Raasay ferry terminal. Your room is spacious with a comfortable bed and has tables/wardrobe space. Having full access to the house and gardens you can relax or potter around. Wifi access is available and there is fantastic 4G coverage. We have 2 pet house rabbits, Millie & Jessica, who will greet on arrival!",Isle of Skye,John And Ann,87,Private room in house
Skye Accommodation Room 2,https://www.airbnb.co.uk/rooms/26309541?location=Isle%20of%20Skye%2C%20United%20Kingdom&adults=2&children=0&infants=0&guests=1&check_in=2018-11-13&check_out=2018-11-14,Â£70,"10% discount on Tearoom menu, gluten free and vegetarian products available",Uig,Karen,26,Private room in bed & breakfast
"Bracken Brae B&B (Room 3) Luxury room, sea view!",https://www.airbnb.co.uk/rooms/14883776?location=Isle%20of%20Skye%2C%20United%20Kingdom&adults=2&children=0&infants=0&guests=1&check_in=2018-11-13&check_out=2018-11-14,Â£85,"Situated on a hill we have unsurpassed, panoramic views across the sea to the Mainland. At our brand new luxury annex you can relax in large, stylish and beautiful bedrooms with your own private outdoor covered deck, and luxury shower room with underfloor heating and a luxuriant hot waterfall shower.",Ardvasar,Jasmine And Willie,133,Private room in bed & breakfast
33 Lochbay Bed and Breakfast Sea Views,https://www.airbnb.co.uk/rooms/24096182?location=Isle%20of%20Skye%2C%20United%20Kingdom&adults=2&children=0&infants=0&guests=1&check_in=2018-11-13&check_out=2018-11-14,Â£120,"Traditional croft house with modern comforts. Newly renovated bright and airy guest room with quality finishes, 40â€?tv, complimentary tea and coffee facilities, hair dryer and luxury bathroom with far reaching views across the sea to the Outer Hebrides.",Waternish,Claire,23,Private room in bed & breakfast
The Old Store,https://www.airbnb.co.uk/rooms/10820757?location=Isle%20of%20Skye%2C%20United%20Kingdom&adults=2&children=0&infants=0&guests=1&check_in=2018-11-13&check_out=2018-11-14,Â£100,"The Old Store is a cottage situated in Camusterrach bay, in Applecross which looks across the Inner Sound towards Skye and the Cullin mountains. It is a cosy single story house in a traditional Highland style but with all the mod cons.",Applecross,Elaine,146,Entire cottage
Bayview Bed and Breakfast,https://www.airbnb.co.uk/rooms/18955011?location=Isle%20of%20Skye%2C%20United%20Kingdom&adults=2&children=0&infants=0&guests=1&check_in=2018-11-13&check_out=2018-11-14,Â£90,Cosy house in traditional wood with woodburning stove etc. Great sea and mountain views. Home cooking meals on request. Run as a traditional bed and breakfast.,Elgol,Jonathan,117,Private room in bed & breakfast
"25 Windsor Crescent, Portree centre",https://www.airbnb.co.uk/rooms/24384965?location=Isle%20of%20Skye%2C%20United%20Kingdom&adults=2&children=0&infants=0&guests=1&check_in=2018-11-13&check_out=2018-11-14,Â£135,"The property is right in the heart of Portree, only two minutes walk from shops, restaurants and bus stop.",Highland,Julie,20,Entire house
Feochan B&B Portree Skye - Family / Twin Room Rm 1,https://www.airbnb.co.uk/rooms/25339695?location=Isle%20of%20Skye%2C%20United%20Kingdom&adults=2&children=0&infants=0&guests=1&check_in=2018-11-13&check_out=2018-11-14,Â£90,Beautiful B&B set in a Stunning Prime Location in Pretty Portree - Isle of Skye. A very warm welcome awaits you.,Portree,Norah,4,Private room in bed & breakfast
Luxury bedroom overlooking the Cuillin mountains.,https://www.airbnb.co.uk/rooms/20445997?location=Isle%20of%20Skye%2C%20United%20Kingdom&adults=2&children=0&infants=0&guests=1&check_in=2018-11-13&check_out=2018-11-14,Â£80,"Luxury double room with beautiful views of the Cuillin mountains to the west and sea views of the small isles to the south. Bright, spacious and comfortable space with Juliet balcony overlooking Blaven.",Torrin,Joanna,52,Private room in house
"Number 15 , Broadford , Luxury Self Catering",https://www.airbnb.co.uk/rooms/15550293?location=Isle%20of%20Skye%2C%20United%20Kingdom&adults=2&children=0&infants=0&guests=1&check_in=2018-11-13&check_out=2018-11-14,Â£100,"A modern comfortable 3 bedroom , 3 bathroom house with all the luxuries you would expect that is in walking distance of restaurants and bars. Nice and close to the shore for a bit of walking too.",Broadford,Susie,153,Entire house
Ardmorn B&B King size bed with en-suite,https://www.airbnb.co.uk/rooms/24260192?location=Isle%20of%20Skye%2C%20United%20Kingdom&adults=2&children=0&infants=0&guests=1&check_in=2018-11-13&check_out=2018-11-14,Â£68,"We are a family run B&B based 2.5 miles from Dunvegan, we can sleep up to 9 people with our flexible accommodation. We are only a short drive to the castle and the beautiful coral beach. Using your car we are nicely placed to visit fairy pools, or visit Neist Point. Portree is just over 20 miles away, where you can see the Town and visit the Trotternish ridge, and journey around the Trottenish loop, to visit Kilt Rock and Staffin bay to see the dinosaur foot prints",Dunvegan,Rebecca,39,Private room in bed & breakfast
Double bedroom with own bathroom,https://www.airbnb.co.uk/rooms/16904212?location=Isle%20of%20Skye%2C%20United%20Kingdom&adults=2&children=0&infants=0&guests=1&check_in=2018-11-13&check_out=2018-11-14,Â£57,"A bright and airy double bedroom with its own bathroom in a private family home less then a mile from the centre of Portree with on site parking and wifi. We don't provide breakfast. We do have tea and coffee making facilities and a table for you to eat at. Please note this is a family home, with two children and a dog. All are friendly!",Portree,Stephanie,129,Private room
Spinning Wheel Pod,https://www.airbnb.co.uk/rooms/25290887?location=Isle%20of%20Skye%2C%20United%20Kingdom&adults=2&children=0&infants=0&guests=1&check_in=2018-11-13&check_out=2018-11-14,Â£75,"We offer one double bed and sofa bed suitable for one person. (linen provided for double bed only). Private Parking,Private Garden",Dunvegan,Aug-18,25,Entire cottage
Self catering at the Breakish Horse,https://www.airbnb.co.uk/rooms/14281860?location=Isle%20of%20Skye%2C%20United%20Kingdom&adults=2&children=0&infants=0&guests=1&check_in=2018-11-13&check_out=2018-11-14,Â£68,Enjoy a sea view and handy location just 5 miles after the Skye Bridge and 2 miles from Broadford. We offer a 2 bedroom self catering cabin suitable for 2 or 3 people with sheep outside the window. Located in a peaceful position set back away from the main road in Breakish. We are easy to find but please read the directions carefully! Alternatively search for Breakish Horse on Ggle. Maps.,Breakish,Jackie,197,Entire cottage
Old Trien House Ensuite Room 1,https://www.airbnb.co.uk/rooms/24373901?location=Isle%20of%20Skye%2C%20United%20Kingdom&adults=2&children=0&infants=0&guests=1&check_in=2018-11-13&check_out=2018-11-14,Â£65,Our warm and comfortable double ensuite bedroom is a perfect place to stay with amazing views. We are based in Carbost at the foot of our majestic mountains the Cuillins. Old Trien House is at the end of the loch and an easy base as it's quite central to Skye's world famous attractions. We're not far from the Talisker distillery (20min walk) should you choose to have a dram and listen to the live music and taste local ales in The Old Inn. They do food all day long too.,Isle of Skye,Tessa,45,Private room in house
Self Catering Cabin in the South of Isle of Skye,https://www.airbnb.co.uk/rooms/21343289?location=Isle%20of%20Skye%2C%20United%20Kingdom&adults=2&children=0&infants=0&guests=1&check_in=2018-11-13&check_out=2018-11-14,Â£50,"Please note: We offer a back to nature experience with compost toilets, not 5*",Armadale Pier,Ludwig,86,Hut
Dark Skye Cottage,https://www.airbnb.co.uk/rooms/24388936?location=Isle%20of%20Skye%2C%20United%20Kingdom&adults=2&children=0&infants=0&guests=1&check_in=2018-11-13&check_out=2018-11-14,Â£315,A truly one of a kind private holiday cottage located on the breathtakingly beautiful and mystical Isle of Skye. Dark Skye Cottage offers the perfect romantic getaway for two who want to escape the buzz of everyday life for a holiday on one of Scotlandâ€™s most sought after Islands. It offers the perfect balance of seclusion while still only a short walk from one of Skyeâ€™s most desirable villages.,Isle of Skye,Gordon,4,Entire house
Caravan at the Edge of the World,https://www.airbnb.co.uk/rooms/13119870?location=Isle%20of%20Skye%2C%20United%20Kingdom&adults=2&children=0&infants=0&guests=1&check_in=2018-11-13&check_out=2018-11-14,Â£50,"Our quirky caravan is really cosy with lots of character. Its 10 mins from the beach & buses to Portree 3 times a day. You can see the Quiraing ridge,the Museum of Crofting Life,the graves of Flora MacDonald and the fashion designer Alexander McQueen and MacCurdies for amusing insights into local (URL HIDDEN) place is perfect for family & pets, couples, solo adventurers and business travellers.",Kilmuir,Sharon,239,Camper/RV
Taigh Rob Room 1 Thistle ( Double room ),https://www.airbnb.co.uk/rooms/27127194?location=Isle%20of%20Skye%2C%20United%20Kingdom&adults=2&children=0&infants=0&guests=1&check_in=2018-11-13&check_out=2018-11-14,Â£60,There is an electric kettle available for boiling water for a selection of herbal teas provided. A coffee machine and a selection of coffee pods is also available.,Culnacnoc,Jim,22,Private room in house
Croft 29 Chalet,https://www.airbnb.co.uk/rooms/27429281?location=Isle%20of%20Skye%2C%20United%20Kingdom&adults=2&children=0&infants=0&guests=1&check_in=2018-11-13&check_out=2018-11-14,Â£100,"Croft 29 Chalet' is new for 2018 and set in the beautiful area of Kilmuir, north Skye - just 10 minutes north of Uig. The chalet sleeps 2 (or 3) with a double bed, and the option of a pull-out sofa bed (which sleeps 1). Spacious shower-room, and separate living area with picture window which includes a kitchenette (sink, kettle, fridge, microwave). Outside there is a decking area and hammock so you can enjoy the peaceful surroundings and stunning views over the Minch to the Western Isles",Kilmuir,Stephen & Rachel,19,Tiny house
"11 Tarskavaig (The Willows), B&B, IV46 8SA -Room 2",https://www.airbnb.co.uk/rooms/17936252?location=Isle%20of%20Skye%2C%20United%20Kingdom&adults=2&children=0&infants=0&guests=1&check_in=2018-11-13&check_out=2018-11-14,Â£65,"Welcome! Our house (The Willows) is nestled in a prominent position in the centre of the village of Tarskavaig. The Willows is a modern croft house set inside a traditional operating croft. My wife and I live here with our two young children, dog and two cats. We also have two cows and a flock of hens. Tarskavaig offers a unique feel of traditional crofting life along with a very quiet and peaceful backdrop, so is the perfect place to come for a relaxing 'get away from it all' holiday.",Tarskavaig,May-18,180,Private room in bed & breakfast
cleadale flat,https://www.airbnb.co.uk/rooms/23609611?location=Isle%20of%20Skye%2C%20United%20Kingdom&adults=2&children=0&infants=0&guests=1&check_in=2018-11-13&check_out=2018-11-14,Â£80,we have a self contained flat located in the beautiful village of breakish.The view from the front windows over looks the sea and also have the world famous cuillins in the background with outstanding scenery.Centrally located with a 5 minute walk to a sandy beach and a 5 minute drive to the village of broadford which has all local ammeneties.,Breakish,Hector,32,Entire flat
Assynt Rm 2,https://www.airbnb.co.uk/rooms/25718478?location=Isle%20of%20Skye%2C%20United%20Kingdom&adults=2&children=0&infants=0&guests=1&check_in=2018-11-13&check_out=2018-11-14,Â£70,"Central and close to all the shops, bars and restaurants of Portree, ""Assynt Cottage"" is the perfect base for a holiday on the Isle of Skye. Super location for exploring all the attractions of the island. A modern and all newly refurbished and decorated holiday home, available for short and longer stays. You will enjoy a high standard of comfort and fascilities at ""Assynt"", with wifi, smart TV, modern kitchen, bright spaces and comfortable beds. 5 minute walk to town centre.",Highland,Liz,34,Private room in bed & breakfast
Suilven Elgol Isle of Skye Bed & Breakfast,https://www.airbnb.co.uk/rooms/14978867?location=Isle%20of%20Skye%2C%20United%20Kingdom&adults=2&children=0&infants=0&guests=1&check_in=2018-11-13&check_out=2018-11-14,Â£77,If you have bikes you can leave them in the shed overnight and if caught out in the Skye weather we have a drying room.,Elgol,Donald & Eileen,106,Private room in bed & breakfast
Suilven Elgol Isle of Skye Bed & Breakfast,https://www.airbnb.co.uk/rooms/14978867?location=Isle%20of%20Skye%2C%20United%20Kingdom&adults=2&children=0&infants=0&guests=1&check_in=2018-11-13&check_out=2018-11-14,Â£77,,,,,Private room in bed & breakfast
Cosy double room in the heart of Kyle of Lochalsh,https://www.airbnb.co.uk/rooms/20845674?location=Isle%20of%20Skye%2C%20United%20Kingdom&adults=2&children=0&infants=0&guests=1&check_in=2018-11-13&check_out=2018-11-14,Â£50,"Fantastic views over Kyleakin, Skye from your window.",Kyle of Lochalsh,Eilidh,94,Private room in house
"Willows Caravan, Borneskitaig, Kilmuir, IV51 9WS",https://www.airbnb.co.uk/rooms/23845650?location=Isle%20of%20Skye%2C%20United%20Kingdom&adults=2&children=0&infants=0&guests=1&check_in=2018-11-13&check_out=2018-11-14,Â£50,"PLEASE NOTE:- we are 5 miles from the nearest village of Uig. This is a 2/4 person caravan situated in our garden, 1 double bed and seating can be used as 2 singles/king size bed with linen provided. There is a gas cooker and microwave. The shower room is a few steps away in our home and is shared. The caravan is self-catering basis, no food is provided. Enjoy the silence, landscape and beautiful walks on the North tip of Skye. Close to Rubha Hunish, the most northerly tip on Skye and .",Kilmuir,Roddy,50,Camper/RV
Caroline's B&B Home from home.,https://www.airbnb.co.uk/rooms/17582030?location=Isle%20of%20Skye%2C%20United%20Kingdom&adults=2&children=0&infants=0&guests=1&check_in=2018-11-13&check_out=2018-11-14,Â£60,"Youâ€™ll love my place because of the views, the people, the location, and the outdoors space. My place is good for couples.",Highland,Caroline,161,Private room in bed & breakfast
Old Trien House Kingsize Room 3,https://www.airbnb.co.uk/rooms/22443588?location=Isle%20of%20Skye%2C%20United%20Kingdom&adults=2&children=0&infants=0&guests=1&check_in=2018-11-13&check_out=2018-11-14,Â£60,Our warm and comfortable king size bedroom is a perfect place to stay with amazing views. We are based in Carbost at the foot of our majestic mountains the Cuillins. Old Trien House is at the end of the loch and an easy base as it's quite central to Skye's world famous attractions. We're not far from the Talisker distillery (20min walk) should you choose to have a dram and listen to the live music and taste local ales in The Old Inn. They do food all day long too.,Isle of Skye,Jul-18,39,Private room in house
2 Marine Buildings,https://www.airbnb.co.uk/rooms/17374931?location=Isle%20of%20Skye%2C%20United%20Kingdom&adults=2&children=0&infants=0&guests=1&check_in=2018-11-13&check_out=2018-11-14,Â£150,***A complimentary breakfast is available at The Portree Hotel for all guests***,Portree,Campbell,134,Entire flat
Sunroom Annexe,https://www.airbnb.co.uk/rooms/18104311?location=Isle%20of%20Skye%2C%20United%20Kingdom&adults=2&children=0&infants=0&guests=1&check_in=2018-11-13&check_out=2018-11-14,Â£90,This sunny south facing annexe is situated on the edge of Waterloo Boatyard in the crofting township of Waterloo or Achaidhiurn (place of the Cairn).,Breakish,Allan,97,Entire cottage
Taigh An Uillt B&B Breakish Isle of Skye,https://www.airbnb.co.uk/rooms/18057405?location=Isle%20of%20Skye%2C%20United%20Kingdom&adults=2&children=0&infants=0&guests=1&check_in=2018-11-13&check_out=2018-11-14,Â£85,Taigh An Uillt B&B is the perfect location for jumping on and off the Island!,Breakish,Rhoda,77,Private room in bed & breakfast
Cosy Wooden Cabin and Barrel on Secluded Island,https://www.airbnb.co.uk/rooms/6431472?location=Isle%20of%20Skye%2C%20United%20Kingdom&adults=2&children=0&infants=0&guests=1&check_in=2018-11-13&check_out=2018-11-14,Â£80,"Recommended in Rough Guide, Observer, and The Times Travel, our Cabin and Barrel are an excellent space for couples or families to experience our magical little corner of the Scottish Highlands here on our historic family-owned island.",Badachro,Ian,120,Island
King-Standard-Ensuite-Bay View,https://www.airbnb.co.uk/rooms/26734862?location=Isle%20of%20Skye%2C%20United%20Kingdom&adults=2&children=0&infants=0&guests=1&check_in=2018-11-13&check_out=2018-11-14,Â£100,The Uig Hotel is one of the most popular hotels on the magical Isle of Skye. The Hotel sits above Uig Bay on the Trotternish peninsula and all but three of the eleven rooms offer fantastic bay views.,Uig (NOT PORTREE),Billy,,Room in hotel
Tigh Seonag,https://www.airbnb.co.uk/rooms/21158676?location=Isle%20of%20Skye%2C%20United%20Kingdom&adults=2&children=0&infants=0&guests=1&check_in=2018-11-13&check_out=2018-11-14,Â£65,Continental breakfast included.,Staffin,Joan,80,Private room in house
Feochan B&B Portree Skye - Family / Twin Room Rm 4,https://www.airbnb.co.uk/rooms/25435275?location=Isle%20of%20Skye%2C%20United%20Kingdom&adults=2&children=0&infants=0&guests=1&check_in=2018-11-13&check_out=2018-11-14,Â£90,Beautiful B&B set in a Stunning Prime Location in Pretty Portree - Isle of Skye. A very warm welcome awaits you.,Highland,Norah,,Private room in bed & breakfast
Contemporary Scottish Cottage,https://www.airbnb.co.uk/rooms/1703347?location=Isle%20of%20Skye%2C%20United%20Kingdom&adults=2&children=0&infants=0&guests=1&check_in=2018-11-13&check_out=2018-11-14,Â£150,"Island croft house that combines traditional stone built exterior with newly refurbished interior - wooden floors, breakfast bar, wood-burning stove and under floor heating. Stunning views of the Hebridean Isles. 5 miles from ferry terminal.",Kilmuir,Graeme,419,Entire cottage
"Fernlea Bed and Breakfast, Isle of Skye, Room S2",https://www.airbnb.co.uk/rooms/24145571?location=Isle%20of%20Skye%2C%20United%20Kingdom&adults=2&children=0&infants=0&guests=1&check_in=2018-11-13&check_out=2018-11-14,Â£89,Fernlea offers home cooked locally sourced breakfast and has large comfortable rooms with en suites.,Breakish,Wayne,5,Private room in bed & breakfast
Room 4 on the High Street,https://www.airbnb.co.uk/rooms/27771382?location=Isle%20of%20Skye%2C%20United%20Kingdom&adults=2&children=0&infants=0&guests=1&check_in=2018-11-13&check_out=2018-11-14,Â£60,"Our room is situated on the main street of Portree, which is the capital of the Isle of Skye. We are ideally situated close to all bars and restaurants and although we do not have a car park, there are 3 car parks available within walking distance. All our rooms are self check ( keys left in door for your arrival) in and the main entrance can be found directly opposite the Tongadale Hotel and next door to Stewarts the Knitwear.",Highland,Miss Mary,9,Private room in townhouse
"Quiet area, close to the centre of Portree.",https://www.airbnb.co.uk/rooms/12843842?location=Isle%20of%20Skye%2C%20United%20Kingdom&adults=2&children=0&infants=0&guests=1&check_in=2018-11-13&check_out=2018-11-14,Â£70,"My home is situated in a quiet cul-de-sac close to Portree. I offer a double room and have a single room available. I enjoy hosting and use my two spare rooms to welcome you to the beautiful island of Skye. There is tea/coffee facilities in your room and breakfast is included in the price. My home is peaceful which should ensure you of a good nights sleep, for your busy travels ahead.",Portree,John,212,Private room in bed & breakfast
"Eilean Mara, Double room, Bernisdale near Portree",https://www.airbnb.co.uk/rooms/28027863?location=Isle%20of%20Skye%2C%20United%20Kingdom&adults=2&children=0&infants=0&guests=1&check_in=2018-11-13&check_out=2018-11-14,Â£60,We are unable to offer a cooked breakfast but will provide some complimentary breakfast items to start your day in your room along with tea and coffee.,Isle of Skye,Laura,12,Private room in house
Sun Room - at Skeabost Bridge. (Room only),https://www.airbnb.co.uk/rooms/25985223?location=Isle%20of%20Skye%2C%20United%20Kingdom&adults=2&children=0&infants=0&guests=1&check_in=2018-11-13&check_out=2018-11-14,Â£50,(Hidden by Airbnb) Maps will send you incorrectly to the wrong location. We will send you photos on how to get to the house the day of arrival.,Skeabost,Kurk And Hannah,31,Private room in house
"Shiloh B&B, En-Suite Double Room",https://www.airbnb.co.uk/rooms/3075328?location=Isle%20of%20Skye%2C%20United%20Kingdom&adults=2&children=0&infants=0&guests=1&check_in=2018-11-13&check_out=2018-11-14,Â£70,Our double room with en-suite facilities can accommodate a maximum of 2 people.,Upper Breakish,Sheila & Malky,117,Private room in bed & breakfast
Lovely Ensuite King Room at Applecross B&B,https://www.airbnb.co.uk/rooms/27490673?location=Isle%20of%20Skye%2C%20United%20Kingdom&adults=2&children=0&infants=0&guests=1&check_in=2018-11-13&check_out=2018-11-14,Â£130,"Situated on the remote Applecross Peninsula on the NC500. We are in the peaceful crofting township of Toscaig just 4 miles from the world renowned Applecross Inn. Newly opened and completely refurbished, our property has 4 en suite rooms and 2 with a shared bathroom .High quality bed linen and king sized beds makes this a very comfortable base for your holiday. A full cooked breakfast is served and we source as much of our produce locally as we can.",Applecross,Marion,,Private room in bed & breakfast
Fasgro in Drumbuie,https://www.airbnb.co.uk/rooms/6773105?location=Isle%20of%20Skye%2C%20United%20Kingdom&adults=2&children=0&infants=0&guests=1&check_in=2018-11-13&check_out=2018-11-14,Â£60,Lovely bed and breakfast in a beautiful crofting village with amazing views of Skye and Applecross. Traditional crofting is still a way of life with cattle and sheep roaming freely. Gorgeous coastal walks where you might see otters and seals.,"Drumbuie, Kyle of Lochalsh.",Carol,230,Private room in bed & breakfast
"Shiloh B&B, Family Room",https://www.airbnb.co.uk/rooms/3136488?location=Isle%20of%20Skye%2C%20United%20Kingdom&adults=2&children=0&infants=0&guests=1&check_in=2018-11-13&check_out=2018-11-14,Â£85,Our spacious family room with private facilities can accommodate up to 4 people.,Breakish,Sheila & Malky,209,Private room in bed & breakfast
Boatbuilders Cottage,https://www.airbnb.co.uk/rooms/14230989?location=Isle%20of%20Skye%2C%20United%20Kingdom&adults=2&children=0&infants=0&guests=1&check_in=2018-11-13&check_out=2018-11-14,Â£130,"Set in a stunning and peaceful location on The Isle of Skye, Boatbuilder's Cottage provides the perfect retreat for boat lovers and marine enthusiasts. This charming stone cottage built in 1886 is situated on the edge of Waterloo Boatyard, looking out over Broadford Bay. There is a beach, slip and a tidal mooring just in front of the cottage. We can provide additional parking space to store boat trailers if you want to bring your own boat.",Breakish,Allan,115,Entire cottage
Comfortable Ensuite King Room at Applecross B&B,https://www.airbnb.co.uk/rooms/27490666?location=Isle%20of%20Skye%2C%20United%20Kingdom&adults=2&children=0&infants=0&guests=1&check_in=2018-11-13&check_out=2018-11-14,Â£130,"Situated on the remote Applecross Peninsula on the NC500. We are in the peaceful crofting township of Toscaig just 4 miles from the world renowned Applecross Inn. Newly opened and completely refurbished, our property has 4 en suite rooms and 2 with a shared bathroom .High quality bed linen and king sized beds makes this a very comfortable base for your holiday. A full cooked breakfast is served and we source as much of our produce locally as we can.",Applecross,Marion,,Private room in bed & breakfast
"Fernlea B&B Isle of Skye, Highlands. Room P1",https://www.airbnb.co.uk/rooms/24132987?location=Isle%20of%20Skye%2C%20United%20Kingdom&adults=2&children=0&infants=0&guests=1&check_in=2018-11-13&check_out=2018-11-14,Â£99,We offer home cooked locally sourced breakfast and has large comfortable rooms with en suites.,Breakish,Wayne,,Private room in house
Large ensuite room & seaview at the Breakish Horse,https://www.airbnb.co.uk/rooms/12497117?location=Isle%20of%20Skye%2C%20United%20Kingdom&adults=2&children=0&infants=0&guests=1&check_in=2018-11-13&check_out=2018-11-14,Â£57,"Our place is distinctive due to the life size plastic horse at the roadside. The room is a large, comfortable, en-suite double with sea & countryside views, a wonderful destination after a busy day. We are 5 miles from the Skye Bridge & 2 miles to Broadford. A light breakfast is provided in the room, tea and coffee making facilities are included. There is a sofa to relax, watch some TV or just unwind.","Breakish, Isle of Skye",Jackie,69,Private room in house
Number 16 Harrapool,https://www.airbnb.co.uk/rooms/26525523?location=Isle%20of%20Skye%2C%20United%20Kingdom&adults=2&children=0&infants=0&guests=1&check_in=2018-11-13&check_out=2018-11-14,Â£90,"The space: We have two very spacious king size bedrooms, each with their own en suite with rainfall showers. Guests are free to use the lounge.",Highland,Willie,5,Private room in house
Assynt Rm1,https://www.airbnb.co.uk/rooms/25704980?location=Isle%20of%20Skye%2C%20United%20Kingdom&adults=2&children=0&infants=0&guests=1&check_in=2018-11-13&check_out=2018-11-14,Â£80,"Central and close to all the shops, bars and restaurants of Portree, ""Assynt cottage"" is the perfect base for a holiday on the Isle of Skye. Super location for exploring all the attractions of the island. A modern and all newly refurbished and decorated holiday home, available for short and longer stays. You will enjoy a high standard of comfort and fascilities at ""Assynt"", with wifi, smart TV, modern kitchen, bright spaces and comfortable beds. 5 minute walk to town centre.",Portree,Liz,39,Private room in bed & breakfast
Cnoc Preasach,https://www.airbnb.co.uk/rooms/15015910?location=Isle%20of%20Skye%2C%20United%20Kingdom&adults=2&children=0&infants=0&guests=1&check_in=2018-11-13&check_out=2018-11-14,Â£60,Look forward to a warm comfortable stay in a beautiful quiet location on a working croft with a view of the Macleod's Tables. Continental breakfast included. A short drive from Uig where the ferry leaves for the Outer Isles and day trips to St Kilda are available. Excellent for walking and fishing.,Highland,Isabella,104,Private room in bed & breakfast
Contemporary Cottage with stunning Cuillin Views,https://www.airbnb.co.uk/rooms/19278224?location=Isle%20of%20Skye%2C%20United%20Kingdom&adults=2&children=0&infants=0&guests=1&check_in=2018-11-13&check_out=2018-11-14,Â£300,"The Sligachan Cottage is a newly refurbished and contemporary building, located in one of the most beautiful places in Scotland. The spacious cottage has a large open-plan kitchen, living and dining area. The cottage benefits from glass-fronted views over-looking the Cuillin, with a cosy log burning stove to enjoy sitting by the fire and admiring the wild Highland scenery. The cottage consists of 3 x bedrooms and an additional mezzanine level if extra beds are required (sleeping up to 8 people).",Isle of Skye,Sligachan,42,Entire cottage
Ensuite King Room 3 at Applecross B&B,https://www.airbnb.co.uk/rooms/27449353?location=Isle%20of%20Skye%2C%20United%20Kingdom&adults=2&children=0&infants=0&guests=1&check_in=2018-11-13&check_out=2018-11-14,Â£130,"Situated on the remote Applecross Peninsula on the NC500. We are in the peaceful crofting township of Toscaig just 4 miles from the world renowned Applecross Inn. Newly opened and completely refurbished, our property has 4 en suite rooms and 2 with a shared bathroom .High quality bed linen and king sized beds makes this a very comfortable base for your holiday. A full cooked breakfast is served and we source as much of our produce locally as we can.",Applecross,Marion,,Private room in bed & breakfast
Triple-Ensuite-Garden View-Triple room,https://www.airbnb.co.uk/rooms/26734880?location=Isle%20of%20Skye%2C%20United%20Kingdom&adults=2&children=0&infants=0&guests=1&check_in=2018-11-13&check_out=2018-11-14,Â£130,The Uig Hotel is one of the most popular hotels on the magical Isle of Skye. The Hotel sits above Uig Bay on the Trotternish peninsula and all but three of the eleven rooms offer fantastic bay views.,Uig (NOT PORTREE),Billy,,Room in hotel
The purple room at Strathallan B&B,https://www.airbnb.co.uk/rooms/1192394?location=Isle%20of%20Skye%2C%20United%20Kingdom&adults=2&children=0&infants=0&guests=1&check_in=2018-11-13&check_out=2018-11-14,Â£80,"At Strathallan bed and breakfast the purple room is a luxury welcoming room for two with fabulous king-size bed, en-suite bathroom and views across to the Cuillin mountains. It is our only letting room so you are guaranteed a personal service.",Breakish,Sep-17,214,Private room in bed & breakfast
"Shiloh B&B, En-Suite Twin Room.",https://www.airbnb.co.uk/rooms/3136510?location=Isle%20of%20Skye%2C%20United%20Kingdom&adults=2&children=0&infants=0&guests=1&check_in=2018-11-13&check_out=2018-11-14,Â£72,Spacious twin room with en-suite facilities.,Isle of Skye,Sheila & Malky,102,Private room in bed & breakfast
Winkle beach,https://www.airbnb.co.uk/rooms/16774551?location=Isle%20of%20Skye%2C%20United%20Kingdom&adults=2&children=0&infants=0&guests=1&check_in=2018-11-13&check_out=2018-11-14,Â£60,"My place is close to Winkle beach , nightlife, public transport, parks.",Kyleakin,Mar-17,6,Private room in bed & breakfast
Room 2 on the Highstreet,https://www.airbnb.co.uk/rooms/27053333?location=Isle%20of%20Skye%2C%20United%20Kingdom&adults=2&children=0&infants=0&guests=1&check_in=2018-11-13&check_out=2018-11-14,Â£60,"Our room is situated on the main street of Portree, which is the capital of the Isle of Skye. We are ideally situated close to all bars and restaurants and although we do not have a car park, there are 3 car parks available within walking distance. All our rooms are self check in and the main entrance can be found directly opposite the Tongadale Hotel and next door to Stewarts the Knitwear.",Highland,Miss Mary,12,Private room in townhouse
"Waterside Cottage, by the sea, Skye",https://www.airbnb.co.uk/rooms/551883?location=Isle%20of%20Skye%2C%20United%20Kingdom&adults=2&children=0&infants=0&guests=1&check_in=2018-11-13&check_out=2018-11-14,Â£221,"1 king, 2 doubles and 1 twin room, sleeps up to 8.",Highland,Fiona,127,Entire cottage
"Fernlea Bed and Breakfast Isle of Skye, Room O4",https://www.airbnb.co.uk/rooms/24146200?location=Isle%20of%20Skye%2C%20United%20Kingdom&adults=2&children=0&infants=0&guests=1&check_in=2018-11-13&check_out=2018-11-14,Â£79,Fernlea offers home cooked locally sourced breakfast and has large comfortable rooms with en suites.,Breakish,Wayne,8,Private room in house
King Room w/ Shared Shower Room at Applecross B&B,https://www.airbnb.co.uk/rooms/27449372?location=Isle%20of%20Skye%2C%20United%20Kingdom&adults=2&children=0&infants=0&guests=1&check_in=2018-11-13&check_out=2018-11-14,Â£100,"Situated on the remote Applecross Peninsula on the NC500. We are in the peaceful crofting township of Toscaig just 4 miles from the world renowned Applecross Inn. Newly opened and completely refurbished, our property has 4 en suite rooms and 2 with a shared bathroom .High quality bed linen and king sized beds makes this a very comfortable base for your holiday. A full cooked breakfast is served and we source as much of our produce locally as we can.",Applecross,Marion,,Private room in bed & breakfast
Suilven Elgol Isle of Skye Pod,https://www.airbnb.co.uk/rooms/19715918?location=Isle%20of%20Skye%2C%20United%20Kingdom&adults=2&children=0&infants=0&guests=1&check_in=2018-11-13&check_out=2018-11-14,Â£78,Bikes can be put in shed,Elgol,Donald & Eileen,67,Tiny house
Black camper van,https://www.airbnb.co.uk/rooms/17522062?location=Isle%20of%20Skye%2C%20United%20Kingdom&adults=2&children=0&infants=0&guests=1&check_in=2018-11-13&check_out=2018-11-14,Â£45,you also have use of the decking at the rear of the house - feel free to use this area for barbecues or smoking- weather permitting,Portree,Liz,139,Camper/RV
"Tigh mo Chridhe, Glasnakille",https://www.airbnb.co.uk/rooms/24903161?location=Isle%20of%20Skye%2C%20United%20Kingdom&adults=2&children=0&infants=0&guests=1&check_in=2018-11-13&check_out=2018-11-14,Â£68,Evening meals at an extra cost can be provided prior to arrangement.,Elgol,Frances,36,Private room in bed & breakfast
"Central Skye, self contained flat - great location",https://www.airbnb.co.uk/rooms/25075373?location=Isle%20of%20Skye%2C%20United%20Kingdom&adults=2&children=0&infants=0&guests=1&check_in=2018-11-13&check_out=2018-11-14,Â£110,"Self contained private flat in perfect location for exploring Skye. The flat is cosy and comfortably sleeps 2 people in the bedroom while you can also pull out the sofa bed and sleep 2 more making it suitable for families. Sconser is in central Skye and is midway between Portree and Broadford, close to the turnoff for Fairy Pools, Talisker, Dunvegan and only half a mile to the Raasay ferry. We're available for any advice you need to help you enjoy your stay! Free Wifi and excellent 4G coverage. Windows are placed quite high but can be opened for better views.",Highland,John And Ann,68,Entire flat
Upper Diabaig Farm King Size with en suite,https://www.airbnb.co.uk/rooms/24534336?location=Isle%20of%20Skye%2C%20United%20Kingdom&adults=2&children=0&infants=0&guests=1&check_in=2018-11-13&check_out=2018-11-14,Â£90,"Breakfast is provided at a time to suit you and includes cooked options, fresh fruit and homemade preserves.",Lower Diabaig,Fiona,23,Private room in bed & breakfast
Skye Eco Bells Glamping - Cosy Island Cabin 3,https://www.airbnb.co.uk/rooms/23689644?location=Isle%20of%20Skye%2C%20United%20Kingdom&adults=2&children=0&infants=0&guests=1&check_in=2018-11-13&check_out=2018-11-14,Â£90,"Furnished cosy cabin sleeps up to 3 in a double and single bed. Sit by your outdoor firepit after exploring the beauty of Skye or relax in the comfort of your cabin warmed by the wood burning stove. Compost toilet, the unique greenhouse shower and sociable Hub and Shack are all part of the off grid experience. Up to 2 well behaved dogs are welcome by prior arrangement for an additional Â£10 for one dog and Â£15 for two..",Orbost,Jun-18,6,Private room in hut
Isle of Canna Bunkhouse,https://www.airbnb.co.uk/rooms/23280262?location=Isle%20of%20Skye%2C%20United%20Kingdom&adults=2&children=0&infants=0&guests=1&check_in=2018-11-13&check_out=2018-11-14,Â£30,"Canna Bunkhouse looks out towards Rum and Sanday. Check the Calmac Small Isles ferry timetable before booking. Â£15 per night per person. There is 1 room with 2 bunks and a 6 bed shared dorm. It has a kitchen, toilet/shower and a wood burning stove/electricity and gas.There is no road so luggage must be carried half a mile. We make sure there are supplies of milk, oil, sugar, salt, pepper and teabags so you don't have to carry those!",Isle of Canna,Isebail,,Shared room in cottage
Self catering house Central Portree,https://www.airbnb.co.uk/rooms/16089247?location=Isle%20of%20Skye%2C%20United%20Kingdom&adults=2&children=0&infants=0&guests=1&check_in=2018-11-13&check_out=2018-11-14,Â£204,Portree is a great base for exploring the North of Skye. The house around 125 years old and full of character.,Portree,Jun-18,112,Entire house
Winkle beach,https://www.airbnb.co.uk/rooms/19077421?location=Isle%20of%20Skye%2C%20United%20Kingdom&adults=2&children=0&infants=0&guests=1&check_in=2018-11-13&check_out=2018-11-14,Â£60,Twin room with sea veiw and private Bathroom,Kyleakin,Fiona,14,Private room in bed & breakfast
Upper Diabaig Farm Twin room with wet room,https://www.airbnb.co.uk/rooms/24615523?location=Isle%20of%20Skye%2C%20United%20Kingdom&adults=2&children=0&infants=0&guests=1&check_in=2018-11-13&check_out=2018-11-14,Â£90,"Breakfast is provided at a time to suit you and includes cooked options, fresh fruit and homemade preserves.",Lower Diabaig,Fiona,21,Private room in bed & breakfast
Collie Mhuiridh Bed and Breakfast,https://www.airbnb.co.uk/rooms/13799384?location=Isle%20of%20Skye%2C%20United%20Kingdom&adults=2&children=0&infants=0&guests=1&check_in=2018-11-13&check_out=2018-11-14,Â£162,Rooms are available to be booked individually at Â£100.00 per room per night including full breakfast.,Applecross,Mary,49,Private room in bed & breakfast
Sligachan Lodge - Kingsize Ensuite (5),https://www.airbnb.co.uk/rooms/11944629?location=Isle%20of%20Skye%2C%20United%20Kingdom&adults=2&children=0&infants=0&guests=1&check_in=2018-11-13&check_out=2018-11-14,Â£95,The Lodge is a large house with 5 rooms for letting. This listing is for the kingsize ensuite room within the house. Communal facilities will be shared with other guests.,Sligachan,Sligachan,59,Private room in house
Double Bedroom in Kyle of Lochalsh,https://www.airbnb.co.uk/rooms/23413641?location=Isle%20of%20Skye%2C%20United%20Kingdom&adults=2&children=0&infants=0&guests=1&check_in=2018-11-13&check_out=2018-11-14,Â£55,Tea/Coffee making facilities.,Kyle of Lochalsh,Marion,78,Private room in house
2 beds in a shared dorm at the Sligachan Bunkhouse,https://www.airbnb.co.uk/rooms/15408686?location=Isle%20of%20Skye%2C%20United%20Kingdom&adults=2&children=0&infants=0&guests=1&check_in=2018-11-13&check_out=2018-11-14,Â£44,"The Sligachan Bunkhouse offers comfortable accommodation for those on a budget or with an appetite for the great outdoors. This listing is for 2 beds in a shared mixed dorm. Guests also have access to a shared shower room & WC (which is unisex), full kitchen facilities and a living room with open fire. Wifi is available in the bunkhouse but can be a little weak at times due out our remote location. What really makes the Sligachan Bunkhouse special? It's unbeatably beautiful location!",Sligachan,Sligachan,41,Shared room in hostel
Lion House,https://www.airbnb.co.uk/rooms/17318186?location=Isle%20of%20Skye%2C%20United%20Kingdom&adults=2&children=0&infants=0&guests=1&check_in=2018-11-13&check_out=2018-11-14,Â£78,"We are centrally located to explore the island,many nearby facilities, Pubs, Restaurants, Fuel station and Supermarket, Post office, and Medical center.",Broadford,Jun-18,66,Private room in bed & breakfast
"Homeleigh, B&B, IV45 8RU -Room 2",https://www.airbnb.co.uk/rooms/24034590?location=Isle%20of%20Skye%2C%20United%20Kingdom&adults=2&children=0&infants=0&guests=1&check_in=2018-11-13&check_out=2018-11-14,Â£93,Homeleigh is within one mile of the Armadale to Mallaig ferry terminal.,Ardvasar,Jul-18,6,Private room in bed & breakfast
Lovely Ensuite Triple Room at Applecross B&B,https://www.airbnb.co.uk/rooms/27449381?location=Isle%20of%20Skye%2C%20United%20Kingdom&adults=2&children=0&infants=0&guests=1&check_in=2018-11-13&check_out=2018-11-14,Â£130,"Situated on the remote Applecross Peninsula on the NC500. We are in the peaceful crofting township of Toscaig just 4 miles from the world renowned Applecross Inn. Newly opened and completely refurbished, our property has 4 en suite rooms and 2 with a shared bathroom .High quality bed linen and king sized beds makes this a very comfortable base for your holiday. A full cooked breakfast is served and we source as much of our produce locally as we can.",Applecross,Marion,,Private room in bed & breakfast
Pier Cottage,https://www.airbnb.co.uk/rooms/21133089?location=Isle%20of%20Skye%2C%20United%20Kingdom&adults=2&children=0&infants=0&guests=1&check_in=2018-11-13&check_out=2018-11-14,Â£470,"Pier Cottage, Applecross is a self-catering cottage on the coast. All linen, towels, basics and electricity/feul is in included.",Applecross,Kathleen,,Entire house
Winkle beach,https://www.airbnb.co.uk/rooms/19078102?location=Isle%20of%20Skye%2C%20United%20Kingdom&adults=2&children=0&infants=0&guests=1&check_in=2018-11-13&check_out=2018-11-14,Â£60,Double room with sea veiw,Kyleakin,Fiona,22,Private room in bed & breakfast
Sligachan Lodge - Twin Bedroom (4),https://www.airbnb.co.uk/rooms/11805052?location=Isle%20of%20Skye%2C%20United%20Kingdom&adults=2&children=0&infants=0&guests=1&check_in=2018-11-13&check_out=2018-11-14,Â£70,The Lodge is a large house with 5 rooms for letting. This listing is for a private twin room which shares a bathroom with one other twin bedroom next door.,Sligachan,Sligachan,59,Private room in house
"Homeleigh, B&B, IV45 8RU -Room 1",https://www.airbnb.co.uk/rooms/23990032?location=Isle%20of%20Skye%2C%20United%20Kingdom&adults=2&children=0&infants=0&guests=1&check_in=2018-11-13&check_out=2018-11-14,Â£93,Homeleigh is within one mile of the Armadale to Mallaig ferry terminal.,Ardvasar,May-18,9,Private room in bed & breakfast
Private 4 bed dorm at Sligachan Bunkhouse-Room 4,https://www.airbnb.co.uk/rooms/12829810?location=Isle%20of%20Skye%2C%20United%20Kingdom&adults=2&children=0&infants=0&guests=1&check_in=2018-11-13&check_out=2018-11-14,Â£88,"The Sligachan Bunkhouse offers comfortable accommodation for those on a budget or with an appetite for the great outdoors. This listing is for a private 4 bed dorm. Guests also have access to a shared shower room & WC (which is unisex), full kitchen facilities and a living room with open fire. Wifi is available in the bunkhouse but can be a little weak at times due out our remote location. What really makes the Sligachan Bunkhouse special? It's unbeatably beautiful location!",Sligachan,Sligachan,66,Private room in hostel
Eagle Camping Pod on Isle of Canna,https://www.airbnb.co.uk/rooms/17069502?location=Isle%20of%20Skye%2C%20United%20Kingdom&adults=2&children=0&infants=0&guests=1&check_in=2018-11-13&check_out=2018-11-14,Â£23,Check the timetable for Calmac Small Isles ferry from Mallaig to Canna before booking.,Canna,Isebail,7,Entire cottage
Sligachan Lodge- 2 Twin Bedrooms,https://www.airbnb.co.uk/rooms/17535805?location=Isle%20of%20Skye%2C%20United%20Kingdom&adults=2&children=0&infants=0&guests=1&check_in=2018-11-13&check_out=2018-11-14,Â£110,The Lodge is a large house with 5 rooms for letting. This listing is for 2 private twin rooms which share a bathroom opposite. The bathroom will be exclusively for this booking.,Highland,Sligachan,24,Private room in house
Old Captain Guest House,https://www.airbnb.co.uk/rooms/26494772?location=Isle%20of%20Skye%2C%20United%20Kingdom&adults=2&children=0&infants=0&guests=1&check_in=2018-11-13&check_out=2018-11-14,Â£75,Centre of Portree,Highland,Sergej,7,Private room in house
Old Captain Guest House1,https://www.airbnb.co.uk/rooms/26495288?location=Isle%20of%20Skye%2C%20United%20Kingdom&adults=2&children=0&infants=0&guests=1&check_in=2018-11-13&check_out=2018-11-14,Â£75,Centre of Portree,Highland,Sergej,4,Private room in house
"7. Ensuite Twin Room, Kyleakin, Skye",https://www.airbnb.co.uk/rooms/13038013?location=Isle%20of%20Skye%2C%20United%20Kingdom&adults=2&children=0&infants=0&guests=1&check_in=2018-11-13&check_out=2018-11-14,Â£80,"Situated on the harbour in the picturesque fishing village of Kyleakin, this en-suite room has partial view of mountains. Includes TV, free wi-fi, tea/coffee and a cooked breakfast is served in the sea front dining room with stunning views over the sea.",Highland,Anne,25,Private room in bed & breakfast
Old Captain Guest House 2,https://www.airbnb.co.uk/rooms/27209929?location=Isle%20of%20Skye%2C%20United%20Kingdom&adults=2&children=0&infants=0&guests=1&check_in=2018-11-13&check_out=2018-11-14,Â£75,,Highland,Sergej,,Private room in house
Old Captain Guest House 3,https://www.airbnb.co.uk/rooms/27229974?location=Isle%20of%20Skye%2C%20United%20Kingdom&adults=2&children=0&infants=0&guests=1&check_in=2018-11-13&check_out=2018-11-14,Â£75,,Highland,Sergej,,Private room in house
Spectacular Sea & Mountain Views From Dining Room,https://www.airbnb.co.uk/rooms/19342232?location=Isle%20of%20Skye%2C%20United%20Kingdom&adults=2&children=0&infants=0&guests=1&check_in=2018-11-13&check_out=2018-11-14,Â£90,Picnic tables are located close to the cottage which also have great outlooks.,Highland,Donald,6,Entire cottage
Sligachan Lodge - Kingsize Ensuite ( 1 ),https://www.airbnb.co.uk/rooms/11890030?location=Isle%20of%20Skye%2C%20United%20Kingdom&adults=2&children=0&infants=0&guests=1&check_in=2018-11-13&check_out=2018-11-14,Â£130,The Lodge is a large house with 5 rooms for letting. This listing is for a kingsize ensuite room within the large house. Communal facilities will be shared with other guests.,Sligachan,Jul-16,39,Private room in house
2 beds in a shared dorm at the Sligachan Bunkhouse,https://www.airbnb.co.uk/rooms/12029739?location=Isle%20of%20Skye%2C%20United%20Kingdom&adults=2&children=0&infants=0&guests=1&check_in=2018-11-13&check_out=2018-11-14,Â£44,"The Sligachan Bunkhouse offers comfortable accommodation for those on a budget or with an appetite for the great outdoors. This listing is for a 2 bunks in a shared mixed dorm. Guests also have access to a shared shower room & WC (which is unisex), full kitchen facilities and a living room with open fire. Wifi is available in the bunkhouse but can be a little weak at times due out our remote location. What really makes the Sligachan Bunkhouse special? It's unbeatably beautiful location!",Sligachan,Sligachan,41,Shared room in hostel
Old Captain Caravan,https://www.airbnb.co.uk/rooms/27230395?location=Isle%20of%20Skye%2C%20United%20Kingdom&adults=2&children=0&infants=0&guests=1&check_in=2018-11-13&check_out=2018-11-14,Â£80,,Highland,Sergej,,Private room in guesthouse
Puffin Camping Pod Isle of Canna,https://www.airbnb.co.uk/rooms/11605793?location=Isle%20of%20Skye%2C%20United%20Kingdom&adults=2&children=0&infants=0&guests=1&check_in=2018-11-13&check_out=2018-11-14,Â£25,Check the timetable for Calmac Small Isles ferry from Mallaig to Canna before booking.,Isle of Canna,Isebail,9,Entire cottage
3 beds in a shared dorm at the Sligachan Bunkhouse,https://www.airbnb.co.uk/rooms/15408759?location=Isle%20of%20Skye%2C%20United%20Kingdom&adults=2&children=0&infants=0&guests=1&check_in=2018-11-13&check_out=2018-11-14,Â£66,"The Sligachan Bunkhouse offers comfortable accommodation for those on a budget or with an appetite for the great outdoors. This listing is for 3 bunks in a shared mixed sex dorm. Guests also have access to a shared shower room & WC (which is unisex), full kitchen facilities and a living room with open fire. Wifi is available in the bunkhouse but can be a little weak at times due out our remote location. What really makes the Sligachan Bunkhouse special? It's unbeatably beautiful location!",Highland,Sligachan,24,Shared room in hostel
Craigh Na Dun Holiday Cottage in central Skye,https://www.airbnb.co.uk/rooms/15738389?location=Isle%20of%20Skye%2C%20United%20Kingdom&adults=2&children=0&infants=0&guests=1&check_in=2018-11-13&check_out=2018-11-14,Â£175,Our house is comfortably furnished with both a modern and traditional feel. We are located in a traditional crofting village in the middle of a deer farm. Relax and enjoy your stay.,Borve,May-17,29,Entire bungalow
Self catering. Double bedded apartment,https://www.airbnb.co.uk/rooms/25197657?location=Isle%20of%20Skye%2C%20United%20Kingdom&adults=2&children=0&infants=0&guests=1&check_in=2018-11-13&check_out=2018-11-14,Â£90,"If you have no car, we are a 5 minute walk from both the train station and the bus terminus.",Kyle of Lochalsh,Margaret,11,Entire house
Rowan Cottage - at the end of the winding road,https://www.airbnb.co.uk/rooms/2266187?location=Isle%20of%20Skye%2C%20United%20Kingdom&adults=2&children=0&infants=0&guests=1&check_in=2018-11-13&check_out=2018-11-14,Â£76,"A traditional Highland croft located in Glasnakille on the Strathaird Peninsula 2 miles for Elgol. Rowan Cottage is already a well established B&B. Tariff includes Continental breakfast but for a hearty cooked breakfast there is a charge of Â£2/5. Scottish rustic supper meals provided if required. Twin bedded room, ensuite.Guest lounge with TV, small library and board games. Free WiFi. Spacious garden for session of chillax if the weather is fine.",Elgol,Christine,47,Private room in bungalow
"3. Sea Front Twin Room, Kyleakin, Isle of Skye",https://www.airbnb.co.uk/rooms/16905445?location=Isle%20of%20Skye%2C%20United%20Kingdom&adults=2&children=0&infants=0&guests=1&check_in=2018-11-13&check_out=2018-11-14,Â£80,"Situated in the picturesque fishing village of Kyleakin, this twin en-suite room overlooks the sea and mountains. Includes TV, free wi-fi, tea/coffee and cooked breakfast served in the conservatory with stunning views over sea.",Kyleakin,Anne,11,Private room in bed & breakfast
Private 6 Bed Dorm at Sligachan Bunkhouse-Room 3,https://www.airbnb.co.uk/rooms/13080291?location=Isle%20of%20Skye%2C%20United%20Kingdom&adults=2&children=0&infants=0&guests=1&check_in=2018-11-13&check_out=2018-11-14,Â£132,"The Sligachan Bunkhouse offers comfortable accommodation for those on a budget or with an appetite for the great outdoors. This listing is for a private 6 bed dorm. Guests also have access to a shared shower room & WC (which is unisex), full kitchen facilities and a living room with open fire. Wifi is available in the bunkhouse but can be a little weak at times due out our remote location. What really makes the Sligachan Bunkhouse special? It's unbeatably beautiful location!",Sligachan,Sligachan,63,Private room in bungalow
North Skye - Dbl en suite room,https://www.airbnb.co.uk/rooms/6827185?location=Isle%20of%20Skye%2C%20United%20Kingdom&adults=2&children=0&infants=0&guests=1&check_in=2018-11-13&check_out=2018-11-14,Â£76,"Ground floor Double bedroom with en-suite(shower)located in Duntulm, the most northerly part of the Isle of Skye.A relaxed base for while on your travels. Refurbished early 2017. Close to sea.Parking.Ideal spot for bird watching,fishing,walking.",Scotland,Karen,222,Private room in bed & breakfast
"2. Sea view, Twin En-suite, Isle of Skye",https://www.airbnb.co.uk/rooms/16903944?location=Isle%20of%20Skye%2C%20United%20Kingdom&adults=2&children=0&infants=0&guests=1&check_in=2018-11-13&check_out=2018-11-14,Â£80,"Situated in the picturesque fishing village of Kyleakin, this twin en-suite room overlooks the sea and mountains. Includes TV, free wi-fi, tea/coffee and a cooked breakfast served in the conservatory with stunning views over sea. Each room has its own individual table for guests to relax and enjoy the views.",Kyleakin,Anne,14,Private room in bed & breakfast
"1. Sea view, Double En-Suite Room, Isle of Skye",https://www.airbnb.co.uk/rooms/16903543?location=Isle%20of%20Skye%2C%20United%20Kingdom&adults=2&children=0&infants=0&guests=1&check_in=2018-11-13&check_out=2018-11-14,Â£80,"Situated in the picturesque fishing village of Kyleakin, this double en-suite room overlooks the sea and mountains. Includes TV, free wi-fi, tea/coffee and cooked breakfast served in the conservatory with stunning views over sea, where each room has its own individual table.",Kyleakin,Anne,18,Private room in bed & breakfast
Sligachan Lodge - Twin Bedroom (3),https://www.airbnb.co.uk/rooms/10941491?location=Isle%20of%20Skye%2C%20United%20Kingdom&adults=2&children=0&infants=0&guests=1&check_in=2018-11-13&check_out=2018-11-14,Â£70,The Lodge is a large house with 5 rooms for letting. This listing is for a private twin room which shares a bathroom with one other twin bedroom next door.,Sligachan,Jul-16,35,Private room in house
"4. Twin En-Suite, Kyleakin, Skye",https://www.airbnb.co.uk/rooms/7471107?location=Isle%20of%20Skye%2C%20United%20Kingdom&adults=2&children=0&infants=0&guests=1&check_in=2018-11-13&check_out=2018-11-14,Â£95,"Situated in the picturesque fishing village of Kyleakin, this en-suite room includes TV, free wi-fi, tea/coffee. A cooked breakfast is served in the conservatory with stunning views over sea.",Isle of Skye,Jul-16,41,Private room in bed & breakfast
Otter Camping Pod Isle of Canna,https://www.airbnb.co.uk/rooms/12220531?location=Isle%20of%20Skye%2C%20United%20Kingdom&adults=2&children=0&infants=0&guests=1&check_in=2018-11-13&check_out=2018-11-14,Â£30,Please check the Calmac Small Isles ferry timetable before you book - we do not have ferries every day.,Isle of Canna,Isebail,14,Entire house
Private 4 Bed Dorm at Sligachan Bunkhouse-Room 2,https://www.airbnb.co.uk/rooms/11996244?location=Isle%20of%20Skye%2C%20United%20Kingdom&adults=2&children=0&infants=0&guests=1&check_in=2018-11-13&check_out=2018-11-14,Â£110,"The Sligachan Bunkhouse offers comfortable accommodation for those on a budget or with an appetite for the great outdoors. This listing is for a private 4 bed dorm. Guests also have access to a shared shower room & WC (which is unisex), full kitchen facilities and a living room with open fire. Wifi is available in the bunkhouse but can be a little weak at times due out our remote location. What really makes the Sligachan Bunkhouse special? It's unbeatably beautiful location!",Sligachan,Sligachan,41,Shared room in hostel
Sligachan Lodge - Kingsize Ensuite & 2 Twin Rooms,https://www.airbnb.co.uk/rooms/16806377?location=Isle%20of%20Skye%2C%20United%20Kingdom&adults=2&children=0&infants=0&guests=1&check_in=2018-11-13&check_out=2018-11-14,Â£260,The Lodge is a large house with 5 rooms for letting. This listing is for the 3 bedrooms on the upper level of the house. Communal facilities will be shared with other guests.,Highland,Sligachan,18,Private room in house
Yurt In The Heart of the West Highlands,https://www.airbnb.co.uk/rooms/13777697?location=Isle%20of%20Skye%2C%20United%20Kingdom&adults=2&children=0&infants=0&guests=1&check_in=2018-11-13&check_out=2018-11-14,Â£30,"Our small camping Yurt is set on a traditional working croft on the west cost of Scotland, 5 minutes walk from a secluded sandy beach and surrounded by stunning scenery. It offers simple accommodation with minimal environmental impact and is a great base from which to experience all that the Highlands have to offer.",Arrina,Abigail,36,Private room in yurt
"The Stables Cottage, Isle of Skye",https://www.airbnb.co.uk/rooms/5114659?location=Isle%20of%20Skye%2C%20United%20Kingdom&adults=2&children=0&infants=0&guests=1&check_in=2018-11-13&check_out=2018-11-14,Â£70,Available per night and also long stay Self Catering.,Portree,Kirsty,246,Entire flat
Nature Observatory on Secluded Island,https://www.airbnb.co.uk/rooms/21375511?location=Isle%20of%20Skye%2C%20United%20Kingdom&adults=2&children=0&infants=0&guests=1&check_in=2018-11-13&check_out=2018-11-14,Â£100,"Quant cabin gently nestled into the historic family-run Dry Island. ""Otter Cabin"" is fitted out to a high standard with a double bedroom, shower room, open plan kitchen and living room and its own decking area. This is a traditional self-catering unit. Kitchen supplies and linens are provided, and towels are available upon request. High-speed wifi is available. Unfortunately, the cabin is inaccessible to those with mobility difficulties.",Badachro,Feb-18,4,Entire cottage
